{"cameraMode":{"drawMode":0,"name":"Shaded","section":"Shading Mode"},"sceneLighting":true,"audioPlay":false,"sceneViewState":{"m_AlwaysRefresh":false,"showFog":true,"showSkybox":true,"showFlares":true,"showImageEffects":true,"showParticleSystems":true,"showVisualEffectGraphs":true,"m_FxEnabled":true},"in2DMode":false,"pivot":{"x":0.33022552728652956,"y":1.1145222187042237,"z":31.245864868164064},"rotation":{"x":-0.10511041432619095,"y":-0.009848042391240597,"z":0.00104074040427804,"w":-0.994414746761322},"size":44.14448165893555,"orthographic":false}